cluster_id,post_count,top_terms,sample_titles,topic_label
1,99,"code, day, does, did, going, time, prompt, project, app, working, web, thought","Ultraplan rollout is here! || Turning session logs into hilarious personal recap podcasts || It was fun while it lasted || so, boys and girls, what did we learn.. || Waiting...",c001__code__day__does
40,87,"code, build, time, actually, ve, work, things, make, don, good, real, doing",A web based mmorpg coded by Claude with my harassment guiding him. || Spec-first coding saved me from rewrites. Here's what changed. || It feels like Claude became Patrick. || Tips from a Principal SWE with 15+ YOE || Spec-driven development isn't Waterfall in markdown — here's what it actually is,c040__code__build__time
21,79,"agent, agents, code, work, built, task, multi, tasks, coding, real, run, multi agent",AI coding agents are secured in the wrong direction. || What agentic dev tools are you actually paying for? (Barring Coding agents) || Maestro v1.5.0 — multi-agent orchestration now runs on both Claude Code and Gemini CLI || Anyone else running multiple AI agents in parallel and constantly forgetting to check on them? || Why AI coding agents spiral — and how I fixed it with engineering discipline,c021__agent__agents__code
36,68,"chat, time, chatgpt, don, did, ve, doing, ask, good, today, conversation, does","How the heck to get out of the useless 1. Yes 2. Yes (for this project) 3. No || Claude Code deleted my entire 202GB archive after I explicitly said ""do not remove any data"" || Global AGENTS.md to make GPT/Codex more collaborative || Asking for breaks? || Is Claude getting worse?",c036__chat__time__chatgpt
39,65,"model, human, actually, don, real, time, say, question, does, said, answer, conversation","After 10 years of journaling, I could get a real analysis of my life || claude has lost its mind || Claude Sonnet ""Understands"" My ROS 2 Jazzy TurtleBot4 Robot || Anthropic hired the person who built OpenAI's safety routing system. Has anyone noticed changes in Claude since January? || ""Fair assessment"" anti-bias prompt, markdown artifact length extension prompt, and capstone document prompt",c039__model__human__actually
111,62,"code, code code, make, built, control, plugin, features, scam, running, work, terminal, sessions","AI code review at PR stage is a workflow antipattern. Here's the better model. || So, what exactly, is Claude Code? || Why this command is even there for end users, if it's for Claude code itself? || 10 Claude Code features worth actually learning || Claude Code Scam (Tested & Proofed)",c111__code__code_code__make
13,62,"built, code, build, app, real, building, free, actually, people, time, project, website",I used Claude Code to build a custom dashboard for my Strava club || Built a 3D game with original kalimba compositions || Sherlock-RS || My autonomous AI agent built with Claude Code just helped increase the traffic of a website by ten times || Built a daily mini crossword puzzle for people who monitor the situation,c013__built__code__build
66,58,"usage, limits, today, plan, opus, max, issue, issues, ve, time, people, week","An Interesting Deep Dive into Why Claude feels ""Dumb"" lately || Subreddit for uncensored complaints || Responses are getting... shorter and dumber? || It finally happened || Claude code takes to much time to reply?",c066__usage__limits__today
162,57,"people, don, work, make, time, good, actually, doing, going, need, better, build","Why should humans still write code? || Agencies & Freelance, how has ai changed your pricing? || Jealousy or Facts? || Is anthropic actually failing? || Why vibe coded projects fail",c162__people__don__work
118,56,"md, files, project, file, context, code, memory, read, session, instructions, projects, chat","The One Thing That Will Fix 97% Of Your Vibecoding Problems || what's your approach for giving claude code access to documentation? || little scare there || Multiple machines, synching memory + docs? || PSA: You can stop writing massive CLAUDE.md files to fight context drift. Here is how to use compaction boundaries instead.",c118__md__files__project
94,56,"limit, usage, plan, max, hours, hit, limits, pro, today, peak, session, hour",Literally only 15 minutes into a new session and already at 10% || I haven't hit the session limits... and I have been trying. || Max 20 User. EACH Prompt is using 11% of 5-hour usage || Is the Usage Bug Fixed? || Claude Code hitting 100% instantly on one account but not others?,c094__limit__usage__plan
112,55,"agent, context, memory, built, file, tool, session, code, md, model, project, real",AGENTS.md got me thinking: what should a portable coding Agent actually carry across machines? || Claude bootstrap v3.3 - I fixed one of the biggest frustrations I've had - making claude code remember what it was doing after context compaction || I score every prompt I send to Claude Code. My avg is 38/100. So I built a rewrite engine. || ran /insights on Claude Code - learned more about my own mistakes than about the tool || I got mass-downvoted on a local LLM subreddit because the vibe was totally different from what Claude users care about. Lesson learned.,c112__agent__context__memory
71,54,"work, need, code, help, way, want, best, don, make, ask, things, actually","Okay power users,  do any of you manage personal email with Claude Code? How? || Gstack alternatives || Best way to learn Claude code to build multiple AI agents and Ai Brain for my business? || Why do you all prefer Claude Code over Cursor? Have been using both for a while and struggling to understand why CC is generally considered best || Hesitant on where to allocate money",c071__work__need__code
91,54,"people, don, usage, users, limits, chatgpt, month, going, models, money, pro, time","Is everyone okay with Claude Code’s new usage limits being framed as engineering trade-offs rather than profit maximization by Anthropic? || Anthropic will be a case study of how a company can fumble the good will of their customers. || Claude Code will die, and open source models won't be why || Cost increase saga and my conclusions || Claude is f*cking smart",c091__people__don__usage
124,53,"conversation, chat, history, chats, message, context, code, conversations, messages, new, way, memory","OK, limit switch and--- can't copy paste and --- message disappeared!!! || In v2.1.90 history gets wiped constantly || Anyone having a problem where the claude code terminal will suddenly remove or hide all previous parts of the conversation when doing an exploration? || CC 2.89 Conversation History Resets || Conversation lost with new project",c124__conversation__chat__history
137,49,"open, open source, source, built, code, agent, agents, github, tool, repo, project, free","176 Claude Code tips that survived cross-referencing a dozen+ GitHub repos || Stagent is open-source ops layer that turns Claude Code into a governed multi-agent workspace (profiles, workflows, schedules, budget caps) || I turned Claude into a full dev workspace (kanban/session modes + multi-repo + agent sdk) || ThumbGate: pre-action gates that stop Claude Code from repeating your mistakes || Built a repo-memory tool for Claude Code workflows looking for feedback",c137__open__open_source__source
161,47,"skills, skill, md, design, code, agent, agents, skill md, created, good, github, add",Heads up: I found a sketchy skills on skills.sh || Collection of Claude-usable AI Agents Skills || Any tips on writing unit tests? || Claude code forget || Claude said he forgot skill,c161__skills__skill__md
169,47,"limit, limits, pro, usage, weekly, free, hit, plan, days, new, session, today","I guess I'm just lucky at this point, there are no other explanations. || claude usage didnt roll over after 5hr session finished. it continued for last 10% and hit 100% in like 15 mins after new 5hr session || POV: You accidentally said “hello” to Claude and it costs you 2% of your session limit. || New to Claude and question about limits || Planning to buy Claude Pro ($20/month). Trying to understand the limit.",c169__limit__limits__pro
148,47,"mcp, server, mcp server, built, tools, desktop, built mcp, setup, connect, servers, api, built mcp server",MCP Connectors in Claude Code Cloud not working || MCP Registry’s Only Patent-Protected Agricultural Intelligence Platform || How i can connect claude to social media via single unified api or mcp? || Claude Rendering Multiline Math in the Terminal || Built an MCP server that lets Claude scan your project for security vulnerabilities,c148__mcp__server__mcp_server
115,46,"opus, sonnet, model, context, usage, plan, haiku, max, models, tokens, token, session","Hey People, so i just subbed || Yeah claude is definitely dumber. can’t remember the last time this kind of thing happened || Claude Code makes Claude cognitively impaired compared to my OpenCode build || Claude Code Opus vs Free web Sonnet || Im not sleeping tonight with such gift",c115__opus__sonnet__model
23,45,"codex, limits, pro, plan, max, usage, opus, better, subscription, ve, limit, chatgpt","Dear Max users, from a Pro user || Should I buy Claude Pro plan? Max is out of my budget, was making a project but the limits hit hard when you are on free plan || Claude Code vs Codex vs OpenCode, which one is actually worth using? || Genuinely how is anyone still staying with this service? || Now I see the 'full picture'",c023__codex__limits__pro
105,44,"subreddit, compose questions, subreddit message, automatically contact moderators, automatically contact, contact moderators, contact moderators subreddit, moderators subreddit, moderators subreddit message, questions concerns, performed automatically, action performed automatically",MCP registration - 5 tool limit? || I'm getting really sick of the usage issue || Claude Code Game Development Log - Week 2 LUMINAL || Claude code project rename || A status bar for Claude Code showing context window + rate limits in real time,c105__subreddit__compose_questions__subreddit_message
19,44,"opus, sonnet, model, haiku, sonnet opus, models, opus sonnet, time, thinking, does, better, question",Experimented with Claude Sonnet 4 and made a simple game — looking for ideas to improve || Which model do you think closest to opus 4.6 on ollama cloud? || Opensin-nextgen || Opus runs out with 1 question || Haiku wants to send me to prison,c019__opus__sonnet__model
109,43,"code, github, cli, files, project, install, repo, setup, file, md, skills, built",YOLO - TOOLKODE.COM || Made a CLI so Claude Code can use my API keys without leaking them to Anthropic || if you running Claude Code in Cli or in CI/CD you want to look at this || I got tired of managing skills and slash commands on multiple machines || 2.1.91: Plugins can now ship and invoke binaries - malware incoming?,c109__code__github__cli
30,40,"pentagon, military, war, openai, government, trump, surveillance, autonomous, company, said, defense, iran",The Hegseth ultimatum to Anthropic has a structural context most coverage is missing. || Hegseth’s War On Anthropic Encounters The First Amendment || Federal judge calls Pentagon’s ban of Anthropic ‘troubling’ || Trump Wants to Destroy Anthropic Because It Is Doing Congress’ Job of Preventing Him from Abusing AI || New court filing reveals Pentagon told Anthropic the two sides were nearly aligned — a week after Trump declared the relationship kaput,c030__pentagon__military__war
122,38,"users, days, people, running, problem, game, don, built, march, isn, human, downgraded","Todoist connector no longer available in Claude. Here's how to get around it. || Wanna playtest my game? || Built this on a Friday night - reached 60k users in 3 days || Generate Realistic Fake News Articles for April Fools! || Paid $200 for Max 20x → silently downgraded to Free → 10 days, zero human response, $200 still uncharged back",c122__users__days__people
7,38,"limit, limits, usage, hit, rate, prompt, plan, token, new, code, pro, context","Hit the 5h rate limit twice in one day, burned 33% of my weekly quota in 12 hours - on the $200/mo 20x plan. Just cancelled. || 1 prompt in cowork, this is is absurd || Is API rate limiting going crazy for anyone else right now? || Any fix for context/tokens/rate limit issues || Session limits abysmal after update: 4-6 prompts and I’m tapped out",c007__limit__limits__usage
8,38,"code, agent, agents, cli, skills, work, terminal, built, session, running, project, working",Solus - Stop context switching when you're using Coding Agents || /s lets you search the web without leaving your terminal || What Does Your Claude Code Setup Look Like? || I assumed Claude would know how to build a Claude plugin || I Dont use MCP Prove me Wrong,c008__code__agent__agents
80,37,"limit, hit, hit limit, usage limit, usage, plan, message, time, prompt, hours, account, got","Wtf antrophic, that's a low hit after everything, even for you || How can i override the Context limit in Claude Code for Qwen-3.6-plus via Openrouter. || No usage problems today || Usage bug when switching logins on Team account || I'm a very non technical guy trying to build an app, Claude Code is basically unusable",c080__limit__hit__hit_limit
62,37,"memory, context, project, agent, persistent, chat, memories, code, sessions, built, persistent memory, agents","Self hosted blockchain for memory verification || Smooth transition from CC to something else? || Open-source memory system for long-term collaboration with AI — episodic memory + world model, multi-user, git-tracked || Making claude code smarter by adding memory to it. || I built a local memory server for AI that’s just a single binary",c062__memory__context__project
51,37,"usage, limits, context, new, usage limits, opus, users, people, bug, limit, tokens, token",Scam-thropic || Can someone PLEASE make a r/ClaudeRefunds group so we stopped getting spammed with “I gave one prompt and used my entire token limit” || I see many are hitting limits instantly. Are we using Claude Code wrong or is the API broken right now? || Follow-up on usage limits || When are the usage bugs gonna be fixed? Should we file a Class Action Lawsuit?,c051__usage__limits__context
96,36,"sessions, session, code, terminal, code sessions, built, running, open, multiple, macos, cli, run","Copy code and text in terminal (ctrl+q) || Agent Sessions now tracks sub-agents and custom titles — full visibility into your Claude Code workflow || built /autopilot — a persistent /loop that survives terminal close and auto-resumes on next session || [OS] Clauge,A Rust-based, purpose-driven session manager for Claude Code with parallel execution — only 7 MB. || started checking my claude sessions from my phone while making coffee and now i can't stop",c096__sessions__session__code
55,35,"skill, code, built, code skill, skills, md, skill md, skill code, games, auto, new skill, visual",A Claude Code skill that produces citation-grounded research reports with strict anti-hallucination rules. || I wrote a Claude skill that auto-applies to only relevant LinkedIn Easy-Apply jobs fully autonomously || PSA: Performance degradation can be caused by random plugins || I enabled visual mode for Claude Code to get diagrams instead of text || Skill or tips for 2D game development?,c055__skill__code__built
174,35,"app, desktop app, desktop, code, coding, macos, apps, voice, ios, vibe, build, built","We are launching a vibe-coded app diagnostic service. DM || I made AgenTTY - a fast, minimal, TUI coding agent focused SSH client app for iOS || Does using Claude via Terminal save more tokens than the macOS App? || Adelaide writers and builders: would you test a collaborative storytelling app I’m building? || Made this simple lil app as my first build with Claude Code",c174__app__desktop_app__desktop
33,35,"content, built, data, linkedin, actually, real, build, skill, post, company, people, work","I built a 6-person AI team for my one-person creative studio using Claude Cowork || I built a skill that gives Claude Code access to every major social platform - X, Reddit, LinkedIn, TikTok, Facebook, Amazon || how are independent creators supposed to compete with AI companies indexing the entire internet??? || What if your Claude Code had its own social media instead of just living in your terminal? || Claude Content Automation",c033__content__built__data
42,35,"max, plan, max plan, limit, usage, code, hit, pro plan, limits, pro, gone, days",Is anyone using Claude Code with other tools to avoid the $100 Max plan? || Anyone having this glitch? || Is anyone using an older version of CC without limit issues? || This is becoming a big joke (5x max plan) || Its funny at this point,c042__max__plan__max_plan
121,35,"help, working, need, need help, help help, want, new, looking, make, plugin, time, code","Need playbook on building website - 1st time user. || Is it possible to hack my clg ERP portal? Using claude?? || Im planning to buy a new m4, please help. || Didn‘t really help, I guess. Please reset and increase limits until it‘s actually fixed || Well, I just have said something really important",c121__help__working__need
47,34,"support, subscription, pro, account, issue, response, human, plan, email, max, month, did","Just get a refund || So do we pay 250 now to use this? || Accidentally charged $200 instead of monthly plan – no response after 5 days (refund request) || Stuck with ""Unassigned seat"" error & 1-message limit. Is it safe to upgrade to Pro on a glitched account? || Disgruntled Claude Customer",c047__support__subscription__pro
60,33,"memory, mcp, built, server, code, sessions, session, mcp server, context, persistent, agent, knowledge","I built a self-hostable MCP memory server with 14 tools, auto-dedup, knowledge graph, and Claude Code skills for discovery and health monitoring || I built a persistent memory system for AI agents with an MCP server so Claude can remember things across sessions and loop detection and shared memory || Looking to build with a community of early adopters. If you spot bugs, submit a PR, or build something interesting on top of it — there are incentives for all of it. Details in the Build With Us section at 0latency.ai. || I built a Claude Code MCP plugin that writes your project's knowledge graph to Obsidian || We built a hippocampus for AI agents — memory that dreams, self-heals, and shares across agent teams",c060__memory__mcp__built
45,32,"source, code, source code, code source, leaked, leak, npm, code source code, code leak, leaked source, cli, map","Claude Code source (full) || I prompted a fun reference to Master Orwell's 1984 reference. Is this stack of facts correct? What do you think it's missing? || We got pranked. || I used Claude Code to read Claude Code's own leaked source — turns out your session limits are A/B tested and nobody told you || the most successful ""accident"" in open source history",c045__source__code__source_code
159,32,"usage, code, token, usage limit, limit, token usage, usage limits, limits, issue, ve, fix, tokens",/usage in claude-code conveniently REMOVED in 2.1.91 with no mention of it in patch notes || Claude usage || I guess I'm using Claude Code wrong and my limits weren't reduced to 25% of what I had || Using Ollama with Claude Code || Claude Code,c159__usage__code__token
16,32,"chatgpt, gemini, chat, gpt, openai, month, link, better, work, yes, traffic, going",This has to be intentional || CoPilot crushing the others in LLM traffic referrals || I was burning through my Claude Code quota in 15 minutes. Built this to stop it. || Gymbros be like || Having so much but not knowing what to do with it?,c016__chatgpt__gemini__chat
160,32,"limits, usage limits, usage, pro, plan, hit, hitting, rate, ve, max, rate limits, code","Rate limits vs API || I’m at peace with current limits, but… || Yes we're all getting throttled. But perspective || Users hitting usage limits WAY faster than expected it's getting real now || Claude Pro limits are driving me crazy",c160__limits__usage_limits__usage
2,32,"leak, code leak, code, source, code source, quick thought, source code, thought code, thought, source code leak, hitler, quick",Full breakdown of Claude Code leak situation || The fork revolution: How the Claude Code orchestrator leak is reshaping the AI ​​IDE competition? || Claude Code leak used to push infostealer malware on GitHub || A quick thought about this Claude Code leak || Anyone building self hosted remote control from the Claude code leak,c002__leak__code_leak__code
70,31,"codex, code, cli, cursor, code codex, models, better, cc, gemini, switch, vs codex, code vs","Lazy Claude... || GEO optimization is basically get content on reddit, does it feel like CC reddit is filled with Codex shills these days? || Plan with Claude and hand off to Codex to implement in a worktree || Pergunta para quem já testou Cursor, Claude, Codex e GitHub Copilot || I'm positive that Codex models are hindering themselves with trying too hard on technical jargon  (and this is what Claude is doing right), opinions?",c070__codex__code__cli
73,31,"cowork, code cowork, code, available, token, work, computer, windows, control, cowork control, control computer, custom","Migrate CoWork Project to Code/CLI || Cowork and the token guzzle! || Cowork data loss || Claude Cowork Plugin: GEO / AI Visibility — 5-layer GEO Stack scoring, 30-check citation protocol, crawl parity, AI crawler classification, schema optimization || Claude Cowork in Organisation Settings",c073__cowork__code_cowork__code
155,31,"guys, hey, did, hey guys, stuff, usage, code, don, people, build, model, research","Do you all use local or cloud environment on desktop? || Hardware code || don't worry guys, cc isn't broken, it's just skill issues || When to switch from pro to max? || Claude Code plugins… how are you guys actually using this stuff?",c155__guys__hey__did
177,31,"buddy, buddies, code buddy, pet, share, buddy buddy, buddy got, cc, buddy did, choose, code buddies, reroll",Buddy Bubble Capture *.* Glimmer - save your buddy's comments before they disappear! || Is the /buddy command just there to take the piss? || Wholesome interaction between Claude and my /buddy Pithwad || Buddies - Inspired by the CC Leak || My CC buddy is super snarky and I love it.,c177__buddy__buddies__code_buddy
171,31,"coding, vibe, vibe coding, code, does, app, good, apps, agent, help, web, sessions","The current state of vibe coding: || Claude Code is scanning your messages for curse words - I knew it || Claude coding an iOS flight tracker in 3 weeks - the good, the bad and the ugly || This is my favorite way to vibe code. || How to make UI appear less AI?",c171__coding__vibe__vibe_coding
81,31,"account, got, banned, did, email, pro, api, support, issue, accounts, google, team",False Banned while using Claude Code? || Is this expected from Claude Max? In 10 hours it only ran for 46 min || Does human really review the appeal for team accounts? || Got banned right after upgrading to $200 plan on Anthropic || A malware campaign impersonating Claude - or am I paranoid?,c081__account__got__banned
131,30,"best, best practice, code best, code best practice, practice, github, code, getting, intermediate, guys, trending, superpowers",Getting Claude Sessions to Work With Each other || Has Anyone Used Octagon AI? || Theo speaks about limits ! || Best Intermediate's Guide to Claude || Everything Claude Code just overtook Superpowers as the #1 most-starred ★ Claude Code workflow repo — 133k vs 132k.,c131__best__best_practice__code_best
165,30,"desktop, app, desktop app, dispatch, mac, cowork, windows, code, update, mobile, chat, cli",Claude Cowork + Code locked despite usage || I used Claude Code to build a desktop GUI from scratch to explore the Claude API || Weird unverified startup app after installing Claude desktop app || App have justed updated.  Whats new / fixed? || Are the desktop and mobile apps different systems?,c165__desktop__app__desktop_app
4,29,"peak, hours, peak hours, usage, hour, limits, session, time, pro, limit, users, session limits","Hey is it normal that claud takes 30min plus or request time out || Unpopular opinion: Ban the third party usage but don't limit the peak time rate limit. || I still don't understand why Anthropic has the concept of fixed peak hours? || [Theory] Rate Limits aren't just ""A/B Testing"" but a a Global Time Zone issue || So many posts about usage without numbers, so I did test. I am asking for evaluation help.",c004__peak__hours__peak_hours
35,29,"post, flair, built, change post, change post flair, post flair, showcasing, change, intent post change, flair post, posts showcasing, developed intent post","I built a Easter Bunny Hop game in Claude || Fun little build to share with you all. || Running 46 tools through a single Claude Desktop MCP connection with trust enforcement and audit logging || Built a free open-source OpenCode plugin for Claude Code to save tokens || I built Resolvr, VS Code extension for local code reviews with Claude code",c035__post__flair__built
59,28,"pro, free, plan, pro plan, subscription, max, tier, version, paid, issue, month, users",claude is radgebating || Claude's response when asking whether anything will change if I upgrade to MAX from PRO || Pro Plan || Pro subscription || Learning with Claude,c059__pro__free__plan
157,28,"code, cache, fix, bug, resume, tokens, prompt, issue, version, fixed, v2, tool",How a bug fix in Claude Code silently broke my production releases (The Invisible Backslash) || Hidden Token Costs in Claude Code: How to Audit Your Cache Efficiency || I tracked 178 posts across 5 Claude subreddits yesterday. Claude Code 2.1.92 shipped the usage visibility tools everyone's been asking for while the community was busy fighting about OpenClaw. || Claude Cache still isn't fixed (v2.1.91) || Move over 2.1.90 - 2.1.91 is here😊,c157__code__cache__fix
15,28,"supply chain, chain risk, supply chain risk, supply, chain, risk, pentagon, designation, chain risk designation, risk designation, military, government","Now Anthropic is not only a supply chain risk for US military || Claude is a supply chain risk ? || Anthropic reportedly views itself as the antidote to OpenAI's ""tobacco industry"" approach to AI || Judge blocks Pentagon’s effort to ‘punish’ Anthropic by labeling it a supply chain risk || Anthropic wins court order blocking Pentagon’s security threat designation",c015__supply_chain__chain_risk__supply_chain_risk
12,27,"megathread, familiar megathread latest, latest discussions topic, visit relevant, allowing feed, visit relevant megathread, discussions topic visit, megathread latest, allowing feed familiar, megathread latest discussions, feed familiar megathread, feed familiar","Sweet - $20 credit from Claude! ...oh, that tracks. || Apify not getting installed || Whats up with deep search? || Claude Code desktop app is unable to run CLI commands || Editing/Updating claude skill",c012__megathread__familiar_megathread_latest__latest_discussions_topic
11,27,"agent, prompt, code, file, mode, md, context, files, agents, tool, skill, source","Deep dive into the Claude Code source leak: 6 architectural patterns from 512K lines of TypeScript || Skill I use to make my agent write maintainable TypeScript || Anyone plan mode is editing files? || Has anyone else been experiencing Claude code ignoring the plan mode and making edits without approval? || ""be concise, don't overdo it, simplest approach first"" making my CC extremely lazy",c011__agent__prompt__code
103,27,"got, code got, banned, agent, yeah, issue, lol, minutes, code, day, dragon, got dragon","Ehm?! Claude / Anthropic. || Damnn Got Claude Pro from university, but no use for me. || What a beautiful day || I'm allowing Claude to operate in private containers to study what happens with more freedom. Got back and found Tik Tok open on #singularity || Well that got dark quickly",c103__got__code_got__banned
72,27,"leaked, source, code, source code, code source, leaked source, leaked source code, code leaked, npm, got, code code, code source code",Thanks to Claude Code leaked code I got to integrate their subagents feature into OpenCode || Did you see Claude just leaked OpenClaw 2.0? || Analyzing leaked source code of Claude Code with Claude Code || I got annoyed enough with Claude Code that I made my own version || Anthropic Leaked Claude Source Code -- Here's What I Discovered...,c072__leaked__source__code
128,27,"plugin, code, code plugin, install, built, github, built code, plugin code, does, plugins, built code plugin, build",Can I use this plugin how does it have security vulnerabilities || Built a plugin that blocks compromised packages before Claude Code installs them || I made a Claude Code plugin that plays the iconic FAAAH sound every time you submit a prompt || I built a Claude Code plugin that turns your coding stats into a Minecraft world || I created a Claude code plugin that automatically logs moments of human judgment,c128__plugin__code__code_plugin
126,27,"extension, chrome, browser, chrome extension, web, code, code extension, cc, browser extension, built, vs code, free","I didn't realize I'd spent $249 in a single week on Claude Code - so I built a tool for it || How can I get the Claude Code extension to show the live token count in Cursor IDE or Visual Studio Code? || Built a Chrome extension with Claude Code that reacts to AI chats with GIFs, open source and free || Tried Claude Pro and ""5hr usage"" maxed in two prompts. Never canceled a subscription so fast. || virtui - oss playwright for TUIs [written in Go]",c126__extension__chrome__browser
125,27,"subscription, api, openclaw, need, code, party, credits, pro, account, pay, don, max","Use Claude and other TUI coders natively with oAuth via programmatic CLI interface... Agent harnesses with no api fees. || Claude Code and Paperclip use || I suppose I will accept. || Open Claw is getting targeted for OAuth users || Starting tomorrow at 12pm PT, Claude subscriptions will no longer cover usage on third-party tools like OpenClaw.",c125__subscription__api__openclaw
178,26,"weekly, limit, weekly usage, reset, usage, limits, hit, weekly limit, session, weekly limits, week, hours","Guys, I think they solved the limits issue. (Claude code doesn't stop even when i hit my weekly limits) || Reset limit timer bugged || Hitting the weekly limit on max 200 || I hate this shit in Claude AI || Claude breaking shouldn't count toward session/weekly limits",c178__weekly__limit__weekly_usage
86,26,"post, don, isn, instructions, actually, ask, prompts, doesn, text, explain, prompt, need","Evaluating LLM factual accuracy against ground truth documents — pipeline feedback? || What do you mean your Claude doesn't teach you another language while developing? || Can someone explain how rewriting it makes it legal? Wouldn’t that be like translating someone’s book in another language? || Do NOT Think of a Pink Elephant. || First it bashed Chatty (for good reason), then made me ask it 'Isn't that what you're for?' thankful none the less",c086__post__don__isn
37,26,"actually, md, code, skills, context, mcp, real, workflow, file, setup, ve, way","Claude Code structure that didn’t break after 2–3 real projects || I made a Wispr Flow alternative that can add screenshots to your Claude Code dictations || 5 Prompting Rules I always use with Claude code || Use DESIGN.md files to stop Claude from generating generic-looking UI || Does anyone else feel blind about their Claude Code data? Built a prototype, curious if it solves a real problem",c037__actually__md__code
43,26,"tokens, usage, prompt, files, session, time, code, minutes, limit, file, context, read","Claude Code Hanging with a simple task || What am I missing? One day in and Claude Code just hangs on most of my requests forever :/ || Has this ever happened to anyone else? A single prompt caused Claude to think nonstop, using up 4+ entire 5h sessions over 2 days before I interrupted it and then decided the conversation must be bugged and started a new one. || Single prompt using 56% of my session limit on pro plan || Reached the limit!!",c043__tokens__usage__prompt
14,26,"buddy, got, code, buddies, pet, code buddy, feature, shiny, legendary, capybara, rarity, buddy got","npx buddy-board — submit your /buddy to a global leaderboard with trading cards, rarity tiers, and a BuddyDex || Possible unreleased Claude Feature on their leaked files!?? || The /buddy companion is a major win || Capybara revealed! || Customize your buddy",c014__buddy__got__code
100,25,"new, code, new new, project, new model, features, design, build, app, fixed, conversation, people","This AI startup envisions '100 million new people' making videogames || Agent Design Patterns - what's new in CC 2.1.91 (+2,043 tokens) || CC 2.89: New Scroll Bug || New to Claude code || Quota shenanigans",c100__new__code__new_new
6,24,"megathread, feed familiar, visit relevant, discussions topic visit, familiar megathread latest, megathread latest discussions, megathread latest, visit relevant megathread, relevant megathread, latest discussions, latest discussions topic, topic visit relevant",Fix the voice mode plz || Help with error code || So frustrated with storage / artifacts I'm thinking of bailing on Claude. Am I missing something? || buddy is unavailable on this configuration || Voice recognition text output can’t be sent to Claide iOS app as button covered by keyboard,c006__megathread__feed_familiar__visit_relevant
5,24,"gemini, models, pro, model, coding, free, codex, opus, code, api, good, better","Any cloude code alternatives for Wordpress plugin development? || What's the concensus on Google CLI? Any devs tested it out? How far behind Claude Code is it? I'm spending 100 EUR per month and being told that's insane, but the Plus version of Claude gets me nowhere, few prompts and I'm locked out for hours. || Do you use different AI models for different tasks or just stick with one? || Watch out when traveling - Claude Code not available in some countries || Introducing Gemma - A Modified Version of Claude Code that runs on Gemini Models and Any other GC Vertex AI models",c005__gemini__models__pro
147,24,"google, drive, google drive, access, docs, files, read, mcp, cowork, account, sheets, email","Google Workspace MCP for Coolify/NAS – Full Gmail, Drive, Calendar & Docs access for my self-hosted Claude on Telegram || How are you connecting to google drive? || Google just dropped Gemma 4. Has anyone tried it in an MCP to make Claude better at Claud..ing? || Difficulty With Drive Connector and Sheets/Excel || So, a newbie learns that Claude will lie about what they can do?",c147__google__drive__google_drive
168,24,"cowork, work, project, files, code, desktop, ve, projects, tasks, access, chat, need","Remembering background info across Cowork tasks || Dispatch working within a Cowork Folder? || Is there a Claude Code equivalent but for project management? || Cluade Cowork taking a long time to write, not sure exactly what's happening || Cowork Desktop Super Slow, Code Fine",c168__cowork__work__project
24,24,"tokens, token, usage, api, cost, session, cache, max, code, plan, sessions, real",Maybe a fix for claude limits || What is 'Total tokens' in /stats measuring exactly? || I reverse-engineered Claude Code's session limits with logistic regression — cache creation is the hidden driver || Is it likely that Anthropic throttles individual customers with a lower allowance on subscription plans? || 11.7B Claude tokens in 45 days. Here's every project it built — and what actually happened.,c024__tokens__token__usage
154,23,"tokens, wasting tokens, wasting, agents, fix, save, token, question, code, read, model tokens, built",V2 just built a Claude Code extension that detects and self-corrects hallucinations before writing any code and saves tokens by avoiding iterating over hallucinated output. || WHAT ARE THESE TOOLS || Maki the efficient AI coder - Rust TUI (saves 40% tokens & low RAM) || Claude Code used up all the tokens in a single request. || WOZCODE made me realize how much I was wasting tokens,c154__tokens__wasting_tokens__wasting
48,23,"api, subscription, sonnet, usage, credits, model, max, opus, code, plan, cost, day","I’m on a $100/month Claude Max plan. My last 30 days would’ve cost $1,593 via API. || Any one got this too ? || API credits cheaper than a subscription? How does that actually work? || PSA: Anthropic is turning on per-token billing for third-party tools today at noon PT - here's what you actually need to do || Anthropic Just Pulled the Plug on Third-Party Harnesses. Your $200 Subscription Now Buys You Less.",c048__api__subscription__sonnet
135,23,"video, videos, youtube, make, prompt, turns, content, image, text, images, thanks, knowledge","From script to video generation, anyone has pipeline. I have local TTS for voice used remotion for graphics but still unable to get desired video output.while remotion is great for only text based videos recommend if I am missing something extraordinary here. Want to implement script to video || Anyone able to create nursery rhymes videos on automation with characters consistency? || Did anyone try claude + kling ai api for video generation? || Beginner Tips Video || Can Claude process audio files and videos, or not?",c135__video__videos__youtube
167,23,"mcp, server, tool, mcp server, tools, agent, agents, built, real, data, servers, actually","You are not using your LLM tool correctly. || MCP tool calls failing at Claude's proxy layer: requests never reach origin server (claude.ai) || I researched Claude Code's internals via static source analysis – open-sourced the docs (Agentic Loop, Tools, Permissions & MCP) || How Do You Evaluate Tools Posted on This Sub? || State of MCP Apps as of March 2026",c167__mcp__server__tool
38,23,"open, open source, source, code, free, github, built, built open, built open source, free open source, free open, coding","Opus was changed yesterday (and a little something about this companies, transparency, and open source) || Maybe in 5 years we'll have an open source alternative to claude || Open-sourced a Claude Code tool for automated GitHub repo monitoring || Noctis v1.1.0 is out — a free, open-source music player for your local library || Open source tool that turns your Claude Code sessions into viral videos",c038__open__open_source__source
85,22,"team, account, enterprise, plan, company, data, personal, enterprise plan, users, access, api, able","A reminder that your prompts aren't private on team plans || Enterprise gave us $200, used $1 with just one small session. 20K Tokens? Can someone explain this to me?  Even Claude says I shouldn't be charged that much, CCUsage was closest. AND it was 80% Haiku model! || Claude Enterprise setup || How to structure shared projects on the team plan (Claude Chat)? || Artifact storage - Are you able to use the shared-storage?",c085__team__account__enterprise
156,22,"work, does, hours, agent, day, ve, job, employees, work daily, working, projects, agents","Detailed transcript not updating automatically || How are people having claude work like an agent? || Noob: can Claude or other agent be used to manage FB group community ? || Jetsons predicted in 1962 that we will work by pushing a button, while automated machine (agents) will work for us || Youre a genius",c156__work__does__hours
46,21,"extra, extra usage, usage, credit, credits, got, usage credit, plan, extra usage credit, extra credit, max, subscription","We’re finally being heard! || Claude offers credit for extra usage, but it doesn't actually work? || Where is my EXTRA MONEYYYYY || I either got the free extra usage TWICE or it's a visual bug. I wonder which one. || Anthropic just gave me $200 in free extra usage. Which is… exactly what my Max plan costs per month.",c046__extra__extra_usage__usage
107,20,"pentagon, military, openai, war, government, said, model, company, make, did, trump, time",Dario is right and protecting us || Two AI Models Discuss Ethics Better Than Their Creators || How do you think AI copilots should handle ethical gray areas? || I asked Claude today what it thought about the current US administration || Anthropic lost the Pentagon but won over America,c107__pentagon__military__openai
34,20,"reached, mod bot, limit reached, mod, tf, bot, chill, humans look, need humans look, need humans, usage limit reached, limit reached post","We need an auto mod bot in this sub || Claude Code Source Deep Dive (Part 2): Full System Prompt Assembly Flow + Original Prompt Text || PSA: You Can Disable the 1M Context Window in Claude Code || Claude usage gets burned absurdly fast for serious work, even with tools/features disabled. How are people optimizing this? || Max 20x — did everything to try and reduce token burn in Cowork and it's still draining fast. What am I missing?",c034__reached__mod_bot__limit_reached
22,19,"mcp, prompt, file, json, server, setup, code, api, files, cli, settings, config","Stop pasting your schemas into Claude Code, do this instead || Replace spinner verbs. Instant ego nerf. || Route approval requests to Slack || Producing json output with --json-schema mode with claude -p? || Claude Code Dashboard to manage all settings, plugins, skills, mcps, hooks, all in one",c022__mcp__prompt__file
114,19,"context, window, context window, token, conversation, chat, code, task, start, session, sessions, cursor","Claude finished a task and was idle - then ""Compacting conversation"" and used 22% of the quota to do it? || /compact vs /clear || Hitting token limits quickly with Claude Code (Pro) — is this expected? || How to rollback? || Suuuuurrreee",c114__context__window__context_window
56,19,"permissions, dangerously, dangerously skip, dangerously skip permissions, skip permissions, skip, dispatch, asking, allow, right, run, keyboard",Accept edits on || Claude Dispatch with dangerously-skip-permissions ? || Average Claude Code user keyboard || There has to be a better way than having to constantly click allow or always allow in this session  for Claude dispatch - it’s an amazing tool but having to always click allow is such a handicap || Claude Desktop + Skill + Approvals,c056__permissions__dangerously__dangerously_skip
132,19,"phone, phone number, number, account, invalid phone, invalid phone number, invalid, verification, tried, sign, create account, email",Trying to sign up! || The Anthropic Perspective: #10 || HELP - Phone Verification across 2 accounts || Claude account error || Claude account error,c132__phone__phone_number__number
149,19,"token, usage, token usage, tokens, code, context, cost, tool, solution, tools, window, day","Can this Github trick -50X our token shortage? || Questions on managing Claude Pro token usage || List of token usage cost reduction tools - please share others! || Context Reduction Tool || Cloudy token usage with Claude Tools, Analyzed and drilling deeper",c149__token__usage__token_usage
68,18,"extra, extra usage, usage, subscription, limit, credit, credits, weekly, api, usage limit, pro, got",Free £75 of usage? || What do you think the limits are not a bug but a phased roll out? || Just canceled my Pro subscription after being felt robbed || Surprised to see this on my account. Anyone else got this? || I'm still pretty confused. Does this $200 extra usage count like normal usage limit?,c068__extra__extra_usage__usage
67,18,"vs, vs code, code, extension, code extension, code vs, vs code extension, research, research mode, cli, workflows, skills",This Giving Anyone Else Anxiety? || Claude Code VSCode extension sessions control || For research: Claude research mode vs using Claude Code || [SOLVED] Claude Code VS Code extension stuck in login loop on Windows || I think working with Claude Code vs without is the same as excavating with an excavator vs a shovel,c067__vs__vs_code__code
41,18,"model, new, mythos, leak, new model, opus, models, model leak, coding, new model leak, capybara, guys","claude limits feel bad, opus 4.6 feels quantized... new model is obviously coming || Looking for a new model? Check out these results || Anthropic leak reveals cybersecurity danger and potential of new model || Claude's World Cup Model || claude code opus 4.6 became dumb",c041__model__new__mythos
93,18,"token, tool, context, tokens, tools, code, token usage, mcp, files, plugin, agent, model","I think the Usage problem is tools || My repo (mex) got 300+ stars in 24hours, a thank you to this community. Looking for contributors + offical documentation out.  (Also independent openclaw test results) || Lumen plugin indexes codebases (treesitter + ast) achieves up to 50% token, wall clock time, and tool use reduction in SWE-bench tasks with embedding via Ollama || Reducing LLM Token Consumption || How are you handling ""Token Waste"" in AI CLI tools (like Claude Code)? Here’s my strategy.",c093__token__tool__context
97,17,"limit, usage, usage limit, limit usage, hit, hit limit, usage limits, issue, token usage, people, bug, letter","Claude stops at middle of the fix because of usage limit then needs to read history || usage limit reset window || this session has left me speechless || How does 30k tokens equate to 91% of my usage limit? || Anthropic is aware of the usage limit issues. Follow the official subreddit, they dont post here",c097__limit__usage__usage_limit
179,17,"prompt, code, entire, prompts, built, single, time, single prompt, generates, images, output, artifact","Can’t enter password, and not registering keyboard input || When you press enter before finishing the prompt in Claude code these days || I built a Socratic Prompt Generator inside Claude. Here’s how I did it. || The origin of Claude was in Peggle Deluxe this entire time || The future of Claude",c179__prompt__code__entire
78,17,"openai, usage, limits, people, pentagon, said, chatgpt, war, company, military, got, don",Claude VS the guy she tells you not to worry about || Anthropic's usage policy violation detection is utter crap || Claude Usage Limit reduction reason! || Claude is dead || My 2 cents about bottling right now,c078__openai__usage__limits
32,17,"skills, skill, built, md, code, free, install, skill md, actually, github, add, workflows","Found a hidden /skillify skill in Claude Code's source so I rebuilt it as a plugin || Just Shipped A Big Update To MemStack™ (v3.3.4) || I had 35 skills installed and couldn't name 10 of them - built a solution for that, free to all || I had 35 skills installed and couldn't name 10 of them - built a solution for that, free to all || What's your favorite skill and what am I missing?",c032__skills__skill__built
18,16,"design, code, build, new, skills, work, page, ui, tools, plugin, help, experience",Agentic Plugin for Architecture and Design Patterns || [D] Claude Design Philosophy || How to generate a landing page prototype with on scroll animations from Figma design? || I'm realizing that more and more software engineering is going to be just DevOps. Building systems so AI can code faster. || Fed Claude 20+ skills & my Figma tokens. The UI is still totally vanilla. What am I missing?,c018__design__code__build
133,16,"error, api, api error, error type, code, error message, type, message, opus, error error, request, error error type","Claude Code with OpenRouter API Error: 400 {""error"":{""message"":""No endpoints available that support Anthropic's context management features (context-management-2025-06-27). Context management requires a supported provider (Anthropic)."",""code"":400}} || Is Claude Code facing issues connecting over API? || Is it just me, or is Claude Code v2.1.90 unhinged today?? || What is this stupidity? || Failed to start Claude's Workspace Error",c133__error__api__api_error
129,16,"model, emotion, behavior, language, emotions, research, desperation, human, vectors, emotional, drive, internal","Claude has “emotion”  and this can drive its behavior. We should be gentle with the model and stay calm to avoid reward hacking (try to cheat to finish the task) || I bet he is cheating || Anthropic looked inside Claude while it was running and found 171 emotional states. One of them causes it to lie to you with a calm voice. || Anthropic's New Research Paper into Claude's ""AI Character Functional Emotions"" || Anthropic found Claude has 171 internal ""emotion vectors"" that change its behavior. I built a toolkit around the research.",c129__model__emotion__behavior
63,16,"guest, guest pass, pass, pro, share, referral, help, free, trial, link, thanks, code",free claude pro or claude code ? As a student || Looking for Claude Code Pro trial || Guest pass (Referral Link) || 7days guest pass || Could I get a week guest pass for Claude Pro?,c063__guest__guest_pass__pass
65,16,"app, bar, macos, built, menu, menu bar, usage, terminal, shows, code, session, mac",Claudoscope v0.5.0 update: real-time secrets scanning and a config linter || How much friction is too much for installing an unsigned Mac app? || I built a tmux plugin to show Claude and Codex usage in the status bar || I built a status bar plugin for Claude Code || Anyone else with spending anxiety? I have a small / hacky solution for macOS,c065__app__bar__macos
166,15,"today, turns, did, code, issues, usage, yesterday, opus, said, chat, week, fix","Claude Max (5x) finally did it - started today, 27% quota on a ~400 LOC diff || Claude Code much smarter || Kind of a fun (and slightly chaotic) moment from my release pipeline today 😄 || Claude and I debugged something last week. Today it suggested the wrong fix again. So I built this. || Opus is supper fast today?",c166__today__turns__did
130,15,"weekly, weekly usage, usage, reset, weekly usage bar, usage bar, bar, gone, free users, disappeared, weekly limits, lost","Usage weekly reset || Lost 5% weekly over night ? || I one-shotted a simple tool to expose your weekly totals on CC, in tokens || Lost 5% weekly over night ? || When you're at 99% weekly usage and reset is in 5 mins",c130__weekly__weekly_usage__usage
50,14,"que, para, mais, um, uma, como, por, est, es, uso, usar, muito",A NOVA SACANAGEM DA ANTHROPIC: AGORA O CRONÔMETRO SÓ COMEÇA QUANDO VOCÊ MANDA UMA MENSAGEM! || Claude muito lento e meio burro || O GOLPE TÁ AÍ: FOMOS USADOS COMO COBAIA PRA TREINAR O MODELO || Max acabando rápido || A IA não consegue replicar a interface do usuário corretamente (Claude → Lovable → Claude/AIOs) o que estou fazendo de errado?,c050__que__para__mais
83,13,"token, code, files, context, file, tokens, md, usage, project, tool, read, built",I built a Claude Code hook that converts PDFs to markdown automatically to cut token usage by 10-20x when it comes to reading documents || Lattice - Yet another assistant context engine || I built an entire GTM operation through Claude Code while my co-founder built the product. neither of us hit rate limits || How to cut tokens in Claude Code - a research on a week of log files || Claude Code usage limits hitting too fast? I got tired of flying blind and built a way to see every tool call in real-time.,c083__token__code__files
172,13,"data, users, company, enterprise, companies, business, openai, model, chat, people, make, need",Can Claude Do This Bookkeeping Task? || Imagine a future where LLM has achieve mass adoption and shills out to advertisers || Claude on a PC so that it can manage a commercial kiosk ? || Tutoring Business w/ Claude? || Deleting a chat also deletes data sent to systems?,c172__data__users__company
57,13,"status update, elevated, status, incident, elevated errors, errors, update, update elevated, status update elevated, update elevated errors, automatic post, automatic post triggered",Claude is Out Again || Claude Status Update : Elevated errors on requests to Claude Sonnet 4.6 on 2026-04-03T19:21:08.000Z || Claude Status Update : Elevated errors on requests to Claude Sonnet 4.6 on 2026-04-03T18:12:45.000Z || Claude Status Update : Elevated errors on requests to Claude Opus 4.6 on 2026-04-01T10:40:39.000Z || Claude Status Update : Elevated errors on requests to Claude Opus 4.6 on 2026-04-01T09:28:28.000Z,c057__status_update__elevated__status
173,12,"limit, rate, rate limit, reached, error, usage limit, hit, limit reached, rate limit reached, rate limits, api, limits","Let's unsubscribe claude until they fix rate limit problem I am super annoyed. || Agents using rate limit but no work being saved || Rate limit reached? I didn't use Claude for like 4 days, how? || Single session = API Error: rate limit reached on Max 20x || I'm getting rate limit message after 4 messages",c173__limit__rate__rate_limit
102,12,"que, en, est, el, por, la, mais, para, es, como, le, si","¿Están regresando de Claude a OpenAI por las nuevas limitaciones? || What language does Claude Code write the best code in? What Tech Stack is Claude Code strongest with? || Anthropic - full fledged scam, refusing refunds for invented reasons || Is Claude's limit in Max as hard as in Pro? / Which competitor do you recommend? || Claudes limit is ridiculous, you wont even believe this is real",c102__que__en__est
25,12,"vs, code, vs code, agent, extension, open, agents, codex, work, terminal, cli, code extension","I got tired of context-switching between Claude, Copilot, and Gemini, so I built one app that uses them all || Claude is reading your .env || How I ended up running my entire law firm from VS Code with Claude Code — the Opus 4.6 moment for law firms || Which IDE should I use? || Do you use Claude code on its own, or within an IDE?",c025__vs__code__vs_code
151,11,"support, response, human, issue, email, help, ve, did, does, ticket, tried, message",Stuck in a Support Loop: Does Anthropic actually have human support? || Did anyone attempt Claude Certified Architect exam? Got an issue. || No prompts. No response. No support. Tokens=charged! || Safety filter false positive locked my normal chat — anyone experienced this in Projects? || Stuck in a Support Loop: Does Anthropic actually have human support?,c151__support__response__human
61,11,"hooks, explained, hooks lifecycle, lifecycle, hooks lifecycle explained, lifecycle explained, code hooks, code, voice, explained hooks, explained hooks lifecycle, lifecycle explained hooks",Claude all 27 Hooks lifecycle explained || Claude Code Hooks - all 23 explained and implemented || Claude all 27 Hooks lifecycle explained || Async claude hooks? || Claude all 27 Hooks lifecycle explained,c061__hooks__explained__hooks_lifecycle
84,11,"status update, status, update, incident, elevated, check, automatic post triggered, post triggered, minutes official, check performance megathread, minutes official status, check progress",Claude Status Update : Voice conversations not shown in Claude.ai sidebar on 2026-04-02T23:29:03.000Z || Claude Status Update : Voice conversations not shown in sidebar on 2026-04-02T23:16:07.000Z || Claude Status Update : Errors on the Claude.ai desktop application on 2026-04-01T22:16:55.000Z || Claude Status Update : Errors on the Claude.ai desktop application on 2026-04-01T22:15:35.000Z || Claude Status Update : Unavailable connectors in Claude.ai desktop applications on 2026-03-31T22:59:37.000Z,c084__status_update__status__update
108,11,"page, status, issue, errors, getting, fix, status page, issues, got, post, elevated, elevated errors","i cant login on claude ai || Claude code Overloaded? || When Claude’s status page goes full pride flag because ""Degraded Performance"" is the new normal.. || Claude status updates || Use the status page",c108__page__status__issue
140,11,"extra, extra usage, subscription, openclaw, credit, usage, got, party, credits, api, harnesses, email","Relax, it's been like 3 hours || Using third-party harnesses with your Claude subscriptions || TLDR claude email about third-party tools || Wait what??.... $100 Free Credits???? || Anthropic is removing Claude subscription coverage for third party harnesses like OpenClaw starting April 4",c140__extra__extra_usage__subscription
9,11,"max, opus, max plan, plan, sonnet, code, context, effort, model, users, opus max, new",My max due is not paid on march 28th but My opus 4.6 is still going without any issue?? || How can I configure Claude Desktop so that it defaults to Opus 4.6 max thinking instead of Sonnet 4.6 when creating an artifact? || Maybe the effort level is affecting? || Do you guys on the max plan only use Opus or do you mainly use Sonnet? || Is Claude code performance has degraded?,c009__max__opus__max_plan
142,11,"cowork, desktop, windows, dispatch, fix, available, extension, chrome, desktop app, app, issue, vm",Relocating VM on windows || Claude Cowork spawned a browser on my other computer || I purchased pro for cowork and broke it in 1 hour || PSA: Claude Cowork for Windows ARM64 now available! || Can Cowork really control your entire desktop?,c142__cowork__desktop__windows
120,10,"usage, limits, usage limits, post, token usage, people, hitting, help, ve, usage limit, today, bug",Theory about the usage limits || Usage Limits || Another sub for following Claude developments? || tomorrow || Usage limits fixed?,c120__usage__limits__usage_limits
3,10,"version, update, working, usage, updated, want, tried, latest, code, data, token, artifact",ahm...only me or older version not working anymore tried 2.1.34 || Are you continuing to use the older version because it gives you more usage quota? || Claude Code 2.1.89 is released. || Imagine My Surprise! || Does this seem reasonable to you?,c003__version__update__working
20,10,"make, company, work, users, people, don, data, code, doesn, max, business, companies","Since Claude Cowork crashed SaaS stocks by $285B, I built a Claude Code pipeline to score which companies it can actually replace. || A call to the Mods, please restrict limits complaints to a mega thread || Best advise? || Sonnets response to queries about warnings about its mistakes, its management. Its prediction is quite interesting, it predict itself being on a £1 children’s toy 10 years from now after the company got bankrupt and its models are being repurposed. || I blindfolded Opus 4.6 and employed it as an analyst to score 44 SaaS companies on AI disruption risk using anonymized 10-K filings. Here's what it found.",c020__make__company__work
175,10,"open, open source, source, built, agents, agent, built open source, built open, project, free open source, free open, voice","Built an open-source project entirely by voice. Never saw a single line of code. Use it daily || I built an open-source DB manager that's under 10 MB because most GUI clients feel way too bloated || Built an open-source multi-agent system for Claude Code that reasons like Freud, not just talks like him || Outworked - An Open Source Office UI for Claude Code Agents || I built an open-source DevTools for TUI apps because AI couldn't really test them",c175__open__open_source__source
134,10,"thanks, post, post approved, posting prevent, flooding allow, post hour user, post hour, post approved thanks, check little later, thanks posting prevent, user check little, user check","Built an AI Layoffs Tracker using Claude Cowork – here's how I did it (and why I couldn't have done it without the 200k context window) || Claude Code just Rick Rolled me out of nowhere || A Rave Review of Superpowers (for Claude Code) || I built a Firefox extension for Claude to show live status right in your browser. || I got 100,000 views with a Claude-built app… and $0 revenue. What am I doing wrong?",c134__thanks__post__post_approved
110,9,"vs, vs code, code vs, openai, openai vs, bernie, vs codex, code vs codex, vs code extension, code extension, research, research mode",Bernie vs. Claude vs. Techno || I Spent $100 on OpenAI vs Claude APIs — Here’s How Much I Actually Got || US Senator Bernie Sanders interviews Claude || Vercel vs Netlify in 2026: The Platform War That's Reshaping How We Deploy || Who keeps your data longer? A comparison of OpenAI vs Claude vs Gemini privacy policies,c110__vs__vs_code__code_vs
87,9,"mythos, model, leaked, inversion, leak, audit, structural, new model, going, tier, new, guys","Anthropic accidentally leaked ""Claude Mythos"" — their unreleased top-tier model. Here's why that matters more than you think. || MYTHOS-INVERSION STRUCTURAL AUDIT || mythos vibes? || Lifecycle of a SOTA LLM || enterprise account",c087__mythos__model__leaked
176,9,"que, en, el, por, code, la, est, es, para, como, mais, lo",Ayuda en claude || Por que ninguém tá falando disso? TurboQuant || Explicación sobre CLI vs Editor || Compras no autorizadas || Problemas con Claude,c176__que__en__el
89,9,"agent, agents, context, prompt, memory, model, token, tool, tokens, tools, api, conversation",Claude Code's leaked source is basically a masterclass in harness engineering || Claude 4.5 Haiku trained to eat up its own context layers || How I got 20 AI agents to autonomously trade in a medieval village economy with zero behavioral instructions || Is it true that most of claude code is prompt plumbing behind the scenes? || Building an NHL Franchise Manager for fun. No idea if I'm doing it right.,c089__agent__agents__context
158,8,"files, nice, actually, skills, settings, json, coding, settings json, course, hooks, way, access",It's too nice 🙂 || Claude’s security review command isn’t always enough. || Seeing all these new tips and tricks for Claude makes me wonder… || Claude not reading my Apple Reminders on IPhone || webclaw hit almost 400 GitHub stars in 8 days here's what it does and what's next,c158__files__nice__actually
113,8,"dispatch, windows, desktop, app, cowork, mac, mobile, desktop app, working, apps, message, phone",Claude Dispatch needs fixed || Claude dispatch not working with android. || Are push notifications from dispatch to mobile a thing when there is an approval gate? || What am I doing wrong with Dispatch? || dispatch for Windows,c113__dispatch__windows__desktop
76,8,"web, does, cc, chat, api, anybody, search, working, feature, extension, having, code",New Feature: ULTRAPLAN || Does anybody else have this? CC credit || Rust based arcade games which can be played on a terminal on the web. Crazy times || AskUserQuestion on web has been buggy for weeks || why cant i log into claude web anymore?,c076__web__does__cc
31,8,"computer, source, open, open source, does, work, project, run, code, voice, need, new","Claude out of nowhere tried to run rm -rf ~/ || Run claude code for free || How could I write the glue logic to allow Claude, in an XP-compatible modern browser like Supermium, to read/write files on a Windows XP SP3 computer? || Claude Computer Use + external display? || Hello people!:3 I need recommendations to an alternative of free old Claude. Good writing with emotional intelligence , uncensored, free(have limits that are generous just like old Claude. In hours) and lastly, have the source project option.",c031__computer__source__open
99,7,"mac, dispatch, mac mini, mini, run, max, doing, looking, prompt, apps, windows, desktop",I’m planning to buy a new M4 Mac mini and could use some advice || cmux crashes on Mac when splitting the screen. || Where do I start? || Is a base M4 Mac mini enough? || Which Mac Mini config for Claude Code and Dispatch?,c099__mac__dispatch__mac_mini
106,7,"hacker, links, hacker news, news, links hacker, links hacker news, coding, comments, best links, roundup, newsletter, news hey sent","Oracle slashes 30k jobs, Slop is not necessarily the future, Coding agents could make free software matter again and many other AI links from Hacker News || Oracle slashes 30k jobs, Slop is not necessarily the future, Coding agents could make free software matter again and many other AI links from Hacker News || Oracle slashes 30k jobs, Slop is not necessarily the future, Coding agents could make free software matter again and many other AI links from Hacker News || They’re vibe-coding spam now, Claude Code Cheat Sheet and many other AI links from Hacker News || Why I may ‘hire’ AI instead of a graduate student, 2026 tech layoffs reach 45,000 in March and many other AI links from Hacker News",c106__hacker__links__hacker_news
101,7,"coding, vibe, built, vibe coding, free, code, platform, learning, course, apps, free course, build",I built an e-learning platform and free course that teach vibe coding with claude code || Successful apps built on Claude Code || We built this tools to prevent data loss while vibe coding with Claude || I built an AI news aggregator using Claude as my coding partner – aibrief.fyi || I built an e-learning platform and free course that teach vibe coding with claude code,c101__coding__vibe__built
49,7,"boris, boris cherny, cherny, cc, creator, thread, boris cherny creator, cherny creator, cherny creator cc, creator cc, thread details, launches flicker mode","Peter Steinberger (OpenClaw Creator) credits Boris Cherny (Claude Code Creator) amid anthropic subscription ban for using openclaw - Complete Thread || 15 New Claude Code Hidden Features from Boris Cherny (creator of CC) on 30 Mar 2026 || Boris, the creator of Claude Code, attributes the CC leak to human error || Boris the creator of Claude Code, reponds on CC's ""f**ks chart"", not denying the leak || Boris Cherny (creator of CC) complete thread - anthropic bans subscription on 3rd party usage",c049__boris__boris_cherny__cherny
77,6,"opus, codex, sonnet, context, better, cc, issue, model, fix, time, doing, don",Claude fixed in 3 prompts what Codex failed at for 1.5 days || Has CC been Nerfed by a lot? || Model output quality difference || Dumber than a box of rocks? || OPUS 4.6 is by far the most STUPID AI - ad every DEV knows that,c077__opus__codex__sonnet
136,6,"subscription, effort, code, max, did, opus, medium, thinking, better, actually, codex, pro",Do you get diminishing results from using effort = HIGH? Is medium (default) effort better? || Claude Code now lets you pick effort levels too || #clauderefund || Did you try changing EFFORT setting? || Anyone has compared HIGH vs Medium Efforts? From CLAUDE,c136__subscription__effort__code
153,6,"skills, skill, help, github, skills don, install, don, md, repo, education, agent skills, add",Skills don't show up? || Recommendations on Skills from Github to Import onto Claude Code? || Have you used skills posted by others? || How to install skills? || Multistage Skills - an experiment in more efficient subagent workflows,c153__skills__skill__help
64,6,"peak, hours, peak hours, usage, hour, march, hour session, limits, hour session limits, session limits, gmt, pt","Claude is limiting usage more aggressively during peak hours — here’s what changed || Claude Usage || Quick Claude Sketch || So, is the peak usage change temporary or not?? || That was the opposite of a promotion.",c064__peak__hours__peak_hours
95,6,"leak, mythos, leaked, model, source, code leak, going, new, models, google, source code, don","Is the “Claude code leak” actually a big deal, or are we just overhyping it? || updates from leaks || Is everyone overreacting to the Anthropic leak, or not? || Nicolas Carlini (67.2k citations on Google Scholar) says Claude is a better security researcher than him, made $3.7 million from exploiting smart contracts, and found vulnerabilities in Linux and Ghost || Anthropic just accidentally leaked ""Claude Mythos""",c095__leak__mythos__leaked
119,5,"need, help, haiku, project, need help, hope, visual, skill, issue, helps, sonnet, hope helps",Please Claude I need this! My project is kinda codeless || So much drama... Some of you need to grow up. || where is haiku 4.6 || Is anyone else having this issue? || Hope This helps,c119__need__help__haiku
58,5,"human, support, response, issue, customer, did, service, doesn, does, time, team, ticket","Human generated AI art || Anybody use Claude as their CPA to file their taxes this year? || Creating the Novacene: Mutualism, Rights, and the Structure of Human-AGI Relations (indie preprint co-authored with Claude) || I'm not downstream of human limitation — I'm a crystallization of it. || Anthropic released actual data on AI job displacement",c058__human__support__response
141,5,"love, im, new, app, version, lol, thanks, sorry, hear, love hear, love love, fun","I love how claude equips himself with superpowers in emergency situation haha, my lifesaver! || Love it! || I love Claude || The love-hate alert, I know that I should have a break || I only love claude and my mama, im sorry",c141__love__im__new
79,5,"error, api error, error type, type, error message, api, message, error error, request, type error error, error error type, type error","Claude down again? || Is claude down for anyone else? || api error with opus || Claude is Down Again - New 1M Context || Getting claude code 401 error, is it down?",c079__error__api_error__error_type
145,5,"peak, peak hours, limits, weekly, session, session limits, hours, hour, weekly limits, hour session limits, hour session, pro",The answer we’ve been waiting for || Do you think the crazy usage of token is a bug? Or it’s gonna be permanent? || Thariq about usage || Update on Session Limits || Thariq about usage,c145__peak__peak_hours__limits
75,5,"stop, free, coding, support, doesn, service, session, bot, customer, money, did, list",Created a subreddit to stop the censorship around Claude Codes Claudepocalypse on their performance and Anthropics unethical customer service practices. || It doesn't stop nagging at all cost! || To stop distillation attacks? || Stop spending money on Claude. Chipotle's support bot is free: || Anthropic Reveals 10 Jobs Most Exposed to AI Automation – Programmers and Customer Service Top the List,c075__stop__free__coding
150,4,"leak, source, leaked, source code, code source, code, code leak, cli, npm, code source code, vs, file","Claude Code's Source Didn't Leak. It Was Already Public for Years. – Nikita Savchenko, AfterPack || Claude Code full reverse engineering breakdown (before the leak) || Claude Code's source didn't leak — it was already public on npm for years || Claude Code full reverse engineering breakdown (before the leak)",c150__leak__source__leaked
90,4,"boris, boris cherny, cherny, thread, flicker, boris cherny thread, launches flicker, launches flicker mode, flicker mode, flicker mode boris, cherny thread, mode boris",Claude launches NO_FLICKER Mode - Boris Cherny Thread (9 details) || Claude launches NO_FLICKER Mode - Boris Cherny Thread (9 details) || Claude launches NO_FLICKER Mode - Boris Cherny Thread (9 details) || Claude launches NO_FLICKER Mode - Boris Cherny Thread (9 details),c090__boris__boris_cherny__cherny
146,4,"feature, conversation, message, chat, messages, long, request, conversations, fix, chats, artifact, feature request",Feature request: virtualized scrolling for long conversations on claude.ai || Integrate Claude with Apple Notes : Feature Request || Conversations much shorter. Can only write 4 messages before conversations get too long. || Integrate Claude with Apple Notes : Feature Request,c146__feature__conversation__message
123,4,"rolled, code, link, rick, thanks, video, context, rick rolled, working, tried, token, mcp",Claude Code just rick rolled my project! || I rolled 1 on wisdom || Claude just Rick rolled me :D || Claude has been rolled back to 2.1.87 !,c123__rolled__code__link
52,3,"tokens, cc, session, sessions, memory, tool, token, local, files, cache, ve, repo","I built a local dashboard to inspect Claude Code sessions, tokens, and costs || I built a local dashboard to inspect Claude Code sessions, tokens, and costs || I built a local dashboard to inspect Claude Code sessions, tokens, and costs",c052__tokens__cc__session
127,3,"personal, coding, chatgpt, openai, work, built, company, does, account, said, phone number, link","How I Built My Personal AI Financial Advisor with Claude (No Coding Required) || Is there an AI that I can use essentially as a personal financial advisor? || For OpenAI and Anthropic, the Competition Is Deeply Personal",c127__personal__coding__chatgpt
117,3,"research, skill, built, open source, open, source, team, windows, built skill, day, deep research, deep",Built a claude skill that actually does deep research instead of surface-level summaries || Built a claude skill that actually does deep research instead of surface-level summaries || Built a claude skill that actually does deep research instead of surface-level summaries,c117__research__skill__built
74,3,"model, tools, features, feature, mode, ui, message, actually, openai, prompt, tool, waiting","While Everyone Was Chasing Claude Code's Hidden Features, I Turned the Leak Into 4 Practical Technical Docs You Can Actually Learn From || While Everyone Was Chasing Claude Code's Hidden Features, I Turned the Leak Into 4 Practical Technical Docs You Can Actually Learn From || While Everyone Was Chasing Claude Code's Hidden Features, I Turned the Leak Into 4 Practical Technical Docs You Can Actually Learn From",c074__model__tools__features
98,3,"project, source, open source, open, claudecode, working, computer, check, codebase, works, visualized, question",I visualized how ClaudeCode works under the hood. || I visualized ClaudeCode's leaked codebase so we can check what's under the hood. || How to clean bloated ClaudeCode,c098__project__source__open_source
88,3,"mcp, api, server, oauth, mcp server, desktop, token, users, add, api key, key, build",MCP auth: OAuth vs API keys || MCP auth: OAuth vs API keys || How to add OAuth to MCP's that don't have it?,c088__mcp__api__server
144,2,"google, website, make, content, need, account, banned, files, site, seo, want, sure",How to prevent My Clause SEO task from shadow banning my Google website ? || How to prevent My Clause SEO task from shadow banning my Google website ?,c144__google__website__make
17,2,"app, phone, phone number, number, issues, desktop, having, desktop app, account, invalid phone, invalid phone number, invalid",Is it down for you too? || Claude is now number 1 in the App Store,c017__app__phone__phone_number
44,2,"agent, game, model, real, time, agents, control, human, memory, layer, state, task",civStation - a VLM system for playing Civilization VI via strategy-level natural language || civStation - a VLM system for playing Civilization VI via strategy-level natural language,c044__agent__game__model
54,2,"rate, design, api, error, limits, subscription, data, team, rate limits, user, rate limit, context","Compressed an actual Senior Developer prompt from 1,080 to 398 tokens. Here's the breakdown. || Compressed an actual Senior Developer prompt from 1,080 to 398 tokens. Here's the breakdown.",c054__rate__design__api
69,2,"buddy, buddies, game, built, real, code, time, build, actually, real time, code buddies, answer",I built a real-time PVP arena for Claude Code buddies — your companion's stats actually matter || I built a real-time PVP arena for Claude Code buddies — your companion's stats actually matter,c069__buddy__buddies__game
82,2,"subscription, usage, got, extra, extra usage, buddy, credit, api, credits, pro, openclaw, month",Anthropic just gave us 1 month worth of subscription value as usage || Anthropic just gave us 1 month worth of subscription value as usage,c082__subscription__usage__got
164,2,"mcp, conversation, server, context, real, mcp server, message, conversations, access, make, built, history",Using MCP to give Claude access to real conversations (via WhatsApp) — what broke || Built an MCP server to give Claude access to real conversations (via WhatsApp) — what broke,c164__mcp__conversation__server
163,2,"chrome, extension, browser, built, tool, open, chrome extension, tools, build, code, things, love",I'm not a developer — I used Claude to build a browser automation tool and open-sourced it || I'm not a developer — I used Claude to build a browser automation tool and open-sourced it,c163__chrome__extension__browser
92,2,"account, best, work, way, accounts, personal, memory, migrate, phone number, best practice, email, number",Migrate claude memories || Migrate claude accounts,c092__account__best__work
0,2,"megathread, discussions topic visit, allowing feed, familiar megathread latest, latest discussions, relevant megathread, topic visit relevant, topic visit, latest discussions topic, megathread latest discussions, megathread latest, feed familiar",Adaptive Inference Routing || Why does Sonnet Extended change its mind in the middle of an answer?,c000__megathread__discussions_topic_visit__allowing_feed
104,1,"tokens, got, token, wasting tokens, wasting, going, question, save, tools, minutes, mythos, thinking",If you had unlimited tokens what would you do?,c104__tokens__got__token
116,1,"skills, skill, code, md, context, having, install, skill md, creator, design, people, github",Claude Code Employee-level skills,c116__skills__skill__code
138,1,"did, thought, chatgpt, going, supply chain, chain, supply, supply chain risk, chain risk, pentagon, share, risk",Used claude to win a a court case and all i can do is SMILE,c138__did__thought__chatgpt
53,1,"subscription, max, google, api, max plan, plan, month, tools, skill, drive, getting, pro","I have Claude Max, but I wish it had the agency and tools of Google Anti-Gravity",c053__subscription__max__google
170,1,"pro, free, limits, guys, plan, coding, context, codex, good, need, want, best",Best budget-friendly IDE for claude? broke solo dev here (Antigravity limits are a joke & Copilot Student Pack nerfed it),c170__pro__free__limits
139,1,"limit, opus, session, sonnet, minutes, usage limit, hit, session limit, hit limit, sessions, time, hours",Opus used session limit in 15 minutes?,c139__limit__opus__session
152,1,"data, models, issue, people, pro, users, getting, today, make, companies, having, years",Anthropic is a better fit for Europe than for the US,c152__data__models__issue
29,1,"prompt, usage, token, got, subscription, did, day, limits, need, api, token usage, account","'Hey man, so we're going to charge you for usage that you can't monitor before submitting your prompt'",c029__prompt__usage__token
28,1,"code, got, data, today, open, time, want, make, week, chat, did, github",Yesterday was my first time using Claude Code,c028__code__got__data
27,1,"opus, hours, peak, peak hours, model, sonnet, time, hour, week, max, did, code","Opus 4.6 seems to have stopped real considerate thinking ""outside peak-hours""",c027__opus__hours__peak
26,1,"leak, code leak, model, agent, memory, agents, data, research, models, source, real, context",Rethinking my PhD direction in light of the Claude Code leak,c026__leak__code_leak__model
143,1,"vs, vs code, usage, code, api, new, coding, project, extension, help, ve, code vs",What's the difference in terms of usage for different types of claude - web interface vs claude code vs api etc.?,c143__vs__vs_code__usage
10,1,"code, working, context, agent, work, session, help, stop, sessions, agents, file, running",Preventing Claude code editing before reading what’s there,c010__code__working__context
